question_id,skill_id,question_text,question_type,difficulty,options,correct_answer,score,explanation,source_id,status
Q001,SK002,"Which SQL clause is used to filter records resulting from a GROUP BY clause?",MCQ,INTERMEDIATE,"{""A"":""WHERE"",""B"":""HAVING"",""C"":""ORDER BY"",""D"":""FILTER""}",B,10,"HAVING filters aggregated grouped records whereas WHERE filters individual rows before grouping.",SRC001,ACTIVE
Q002,SK002,"Which SQL join returns all rows from the left table and matched rows from the right table?",MCQ,BEGINNER,"{""A"":""INNER JOIN"",""B"":""RIGHT JOIN"",""C"":""LEFT JOIN"",""D"":""FULL OUTER JOIN""}",C,10,"LEFT JOIN includes all rows from the left relation regardless of match.",SRC001,ACTIVE
Q003,SK001,"What is the time complexity of looking up a key in a standard Python dictionary on average?",MCQ,INTERMEDIATE,"{""A"":""O(1)"",""B"":""O(n)"",""C"":""O(log n)"",""D"":""O(n^2)""}",A,10,"Python dictionaries use a hash table offering O(1) average lookup time.",SRC001,ACTIVE
Q004,SK004,"Which React Hook is primarily used for handling side effects such as data fetching?",MCQ,BEGINNER,"{""A"":""useState"",""B"":""useEffect"",""C"":""useMemo"",""D"":""useReducer""}",B,10,"useEffect schedules side-effect executions following render cycles.",SRC001,ACTIVE
Q005,SK005,"Which Node.js core module provides asynchronous file system operations?",MCQ,BEGINNER,"{""A"":""http"",""B"":""path"",""C"":""fs"",""D"":""events""}",C,10,"The fs module manages read/write operations against the filesystem.",SRC001,ACTIVE
Q006,SK003,"What is the default port on which PostgreSQL listens for connections?",MCQ,BEGINNER,"{""A"":""3306"",""B"":""27017"",""C"":""8080"",""D"":""5432""}",D,10,"PostgreSQL defaults to TCP port 5432.",SRC001,ACTIVE
Q007,SK007,"Which Docker command creates and runs a container from an image?",MCQ,BEGINNER,"{""A"":""docker build"",""B"":""docker run"",""C"":""docker start"",""D"":""docker create""}",B,10,"docker run creates an isolated container and initiates execution.",SRC001,ACTIVE
Q008,SK006,"Which keyword allows defining an immutable array type in TypeScript?",MCQ,INTERMEDIATE,"{""A"":""const"",""B"":""readonly"",""C"":""static"",""D"":""sealed""}",B,10,"readonly prevents modifications to array elements or object properties.",SRC001,ACTIVE
Q009,SK009,"Which HTTP method should be idempotent and used to replace an entire resource representation?",MCQ,INTERMEDIATE,"{""A"":""POST"",""B"":""PATCH"",""C"":""PUT"",""D"":""CONNECT""}",C,10,"PUT replaces the target resource and is idempotent according to RFC specifications.",SRC001,ACTIVE
Q100,SK010,"Which formula language is primarily used for custom aggregations in Power BI?",MCQ,INTERMEDIATE,"{""A"":""M"",""B"":""DAX"",""C"":""SQL"",""D"":""VBA""}",B,10,"Data Analysis Expressions (DAX) computes dynamic metrics in Power BI.",SRC001,ACTIVE