career_id,skill_id,required_level,importance,source_id,verified
CAREER001,SK004,80,CORE,SRC001,true
CAREER001,SK005,80,CORE,SRC001,true
CAREER001,SK003,75,IMPORTANT,SRC001,true
CAREER001,SK008,70,SUPPORTING,SRC001,true
CAREER002,SK001,75,CORE,SRC001,true
CAREER002,SK002,85,CORE,SRC001,true
CAREER002,SK010,80,CORE,SRC001,true
CAREER002,SK014,75,IMPORTANT,SRC001,true
CAREER003,SK005,85,CORE,SRC001,true
CAREER003,SK003,80,CORE,SRC001,true
CAREER003,SK009,85,CORE,SRC001,true
CAREER003,SK007,70,IMPORTANT,SRC001,true
CAREER004,SK004,85,CORE,SRC001,true
CAREER004,SK006,80,CORE,SRC001,true
CAREER004,SK011,75,IMPORTANT,SRC001,true
CAREER005,SK007,90,CORE,SRC001,true
CAREER005,SK008,80,CORE,SRC001,true
CAREER005,SK001,65,SUPPORTING,SRC001,true